customer_id,size,type
1210469940,MICRO,HOME SALES
1277939294,,CORNER SHOP
1006989421,MEDIUM,GROCERIES
1618314377,,HOME SALES
707369850,,HOME SALES
169225079,MEDIUM,GROCERIES
1343667492,,CORNER SHOP
1973425748,MICRO,HOME SALES
371602586,MICRO,HOME SALES
331944814,MICRO,CORNER SHOP
191223601,SMALL,GROCERIES
1592152062,,HOME SALES
637184515,MICRO,HOME SALES
296321092,SMALL,CORNER SHOP
997213304,,GROCERIES
1971635508,SMALL,HOME SALES
790062442,SMALL,CORNER SHOP
690645029,MEDIUM,GROCERIES
384515415,MEDIUM,GROCERIES
241250011,SMALL,HOME SALES
1999695186,MEDIUM,GROCERIES
449323975,MEDIUM,BAR
1171159641,MICRO,HOME SALES
1341817338,SMALL,HOME SALES
2004351277,MEDIUM,HOME SALES
555554271,SMALL,HOME SALES
395773463,MEDIUM,GROCERIES
1638778609,SMALL,CORNER SHOP
1617546796,,HOME SALES
1561717447,MEDIUM,GROCERIES
1093285469,SMALL,HOME SALES
1831892911,SMALL,BAR
1865636914,LARGE,GROCERIES
113349835,SMALL,BAR
677544417,,BAR
623832166,SMALL,HOME SALES
1961212738,,HOME SALES
897213524,MEDIUM,BAR
1005007881,EXTRA LARGE,GROCERIES
2126334501,,GROCERIES
1264394265,,HOME SALES
2062141789,MEDIUM,FRESH VEGTABLE MARKET
171485209,SMALL,HOME SALES
1522445781,MEDIUM,GROCERIES
1394077277,MEDIUM,HOME SALES
21389312,SMALL,CORNER SHOP
1679848731,LARGE,GROCERIES
1723358000,MEDIUM,WINE AND SPIRIT
88181787,SMALL,HOME SALES
760689054,,BAR
1938506468,LARGE,GROCERIES
561448224,MEDIUM,CORNER SHOP
1418701019,,HOME SALES
1478504426,MEDIUM,GROCERIES
426233652,SMALL,HOME SALES
857525737,MICRO,GROCERIES
1997532126,MICRO,HOME SALES
1874310231,MICRO,HOME SALES
1229575955,,HOME SALES
1931650287,MEDIUM,CORNER SHOP
498866118,SMALL,BAR
994427350,MICRO,PHARMACY
592042568,SMALL,CORNER SHOP
1530282425,,BAR
161894589,MEDIUM,SPECIALIZED FOOD SERVICES
1772241348,MEDIUM,GROCERIES
2066116872,SMALL,HOME SALES
655024720,MICRO,HOME SALES
1327845303,MEDIUM,HOME SALES
1000800106,MICRO,HOME SALES
314179115,MEDIUM,HOME SALES
1806037120,MEDIUM,WINE AND SPIRIT
944122273,,HOME SALES
78167868,SMALL,HOME SALES
539305309,SMALL,CORNER SHOP
672132393,MEDIUM,WHOLESELLER
1972455790,SMALL,BAR
1575262049,SMALL,GROCERIES
1024962253,MEDIUM,GROCERIES
902189277,MEDIUM,GROCERIES
1899865316,EXTRA LARGE,GROCERIES
504655082,LARGE,WHOLESELLER
1475738667,LARGE,GROCERIES
1101600857,MEDIUM,HOME SALES
561271250,MEDIUM,FRESH VEGTABLE MARKET
178800571,SMALL,GROCERIES
1108132187,SMALL,CORNER SHOP
1762559227,SMALL,SPECIALIZED FOOD SERVICES
412218573,SMALL,GROCERIES
1316716633,,HOME SALES
1907893635,MICRO,HOME SALES
680752124,SMALL,CORNER SHOP
1868935095,SMALL,HOME SALES
1212993467,LARGE,CORNER SHOP
1250314658,SMALL,GROCERIES
330200370,LARGE,WHOLESELLER
1796012993,MEDIUM,PHARMACY
1416943145,SMALL,HOME SALES
1311345525,MEDIUM,HOME SALES
384117302,MEDIUM,BAR
1566178114,MEDIUM,GROCERIES
32051085,LARGE,WINE AND SPIRIT
2137803880,MEDIUM,CORNER SHOP
1175119660,SMALL,CORNER SHOP
1713536621,MEDIUM,FRESH VEGTABLE MARKET
1934443188,,CORNER SHOP
753564906,,HOME SALES
1558371383,LARGE,CORNER SHOP
907234786,MEDIUM,BAR
374948783,MICRO,HOME SALES
672168956,MICRO,HOME SALES
1007396152,MEDIUM,CORNER SHOP
1738620657,MEDIUM,GROCERIES
2018246419,MICRO,HOME SALES
1282707796,SMALL,WINE AND SPIRIT
77987214,MEDIUM,GROCERIES
2035959712,MEDIUM,BAR
843217908,MEDIUM,HOME SALES
2083577905,MEDIUM,CORNER SHOP
741357936,LARGE,CORNER SHOP
270644195,SMALL,FRESH VEGTABLE MARKET
1790155874,MEDIUM,CORNER SHOP
502567203,SMALL,GROCERIES
1257643539,SMALL,GROCERIES
672962476,,CORNER SHOP
7057505,SMALL,HOME SALES
594548126,MICRO,HOME SALES
46473239,MEDIUM,HOME SALES
2127777568,SMALL,HOME SALES
91736428,EXTRA LARGE,WHOLESELLER
1603856208,MEDIUM,CORNER SHOP
244854777,SMALL,CORNER SHOP
1126872656,MEDIUM,BAR
1351822728,,GROCERIES
1633942077,MEDIUM,GROCERIES
349033483,MEDIUM,HOME SALES
682160705,MEDIUM,HOME SALES
712142099,MEDIUM,GROCERIES
1367312309,MEDIUM,CORNER SHOP
1654023926,,FAMILY-RUN SUPERMAKRET
367694368,SMALL,BAR
2104180587,MICRO,CORNER SHOP
1824375084,LARGE,FAMILY-RUN SUPERMAKRET
1190849452,LARGE,WHOLESELLER
511389986,,CORNER SHOP
1736523993,SMALL,HOME SALES
763014397,MEDIUM,HOME SALES
278616560,MEDIUM,GROCERIES
1655983932,MEDIUM,HOME SALES
1681430497,MICRO,HOME SALES
551153880,SMALL,HOME SALES
1706125279,,FRESH VEGTABLE MARKET
2071051735,,HOME SALES
2143225538,MEDIUM,GROCERIES
273682142,SMALL,HOME SALES
2010911250,LARGE,FAMILY-RUN SUPERMAKRET
1549452136,SMALL,GROCERIES
442607676,SMALL,HOME SALES
1031225267,MEDIUM,CORNER SHOP
1339472255,MEDIUM,GROCERIES
409606252,MEDIUM,GROCERIES
117515193,,HOME SALES
944331605,MICRO,HOME SALES
1997303610,MICRO,HOME SALES
2125028927,SMALL,HOME SALES
634553485,SMALL,GROCERIES
397324708,MEDIUM,CORNER SHOP
1660153483,MEDIUM,GROCERIES
371248476,,GROCERIES
1838585070,SMALL,GROCERIES
1819949175,SMALL,GROCERIES
1729273008,MEDIUM,WHOLESELLER
1506734073,SMALL,HOME SALES
1274023883,SMALL,BAR
362744484,MICRO,HOME SALES
217317511,LARGE,GROCERIES
459987154,SMALL,HOME SALES
568670764,MICRO,HOME SALES
1251999418,MEDIUM,GROCERIES
753181592,SMALL,FRESH VEGTABLE MARKET
249086575,SMALL,HOME SALES
2062411032,SMALL,GROCERIES
1388205277,SMALL,WINE AND SPIRIT
827956897,EXTRA LARGE,WINE AND SPIRIT
12844478,,HOME SALES
1097954804,MEDIUM,GROCERIES
1087943628,,HOME SALES
1359131296,EXTRA LARGE,FAMILY-RUN SUPERMAKRET
118591038,,CORNER SHOP
464602886,,HOME SALES
1275437704,SMALL,WINE AND SPIRIT
1993125496,,FRESH VEGTABLE MARKET
1143226100,EXTRA LARGE,WHOLESELLER
288238423,MEDIUM,CORNER SHOP
76489426,MICRO,GROCERIES
690155945,SMALL,FRESH VEGTABLE MARKET
1824839132,SMALL,CORNER SHOP
1748898920,MICRO,HOME SALES
1430136895,SMALL,WINE AND SPIRIT
487894318,MEDIUM,GROCERIES
1369035333,EXTRA LARGE,GROCERIES
426228541,,CORNER SHOP
245257753,MEDIUM,FAMILY-RUN SUPERMAKRET
1119362588,SMALL,HOME SALES
1669598768,SMALL,BUTCHERY
1541839247,MEDIUM,CORNER SHOP
1135360721,MICRO,HOME SALES
160928095,MEDIUM,CORNER SHOP
308841072,MEDIUM,HOME SALES
1323897190,,HOME SALES
383884336,,HOME SALES
1677875686,MEDIUM,WINE AND SPIRIT
1936348163,MEDIUM,GROCERIES
605696992,SMALL,HOME SALES
1585095204,MEDIUM,CORNER SHOP
1494052157,SMALL,HOME SALES
255502151,,FRESH VEGTABLE MARKET
911525881,LARGE,WHOLESELLER
7687276,MICRO,HOME SALES
755542327,LARGE,FRESH VEGTABLE MARKET
2096201186,,HOME SALES
1961523028,MEDIUM,CORNER SHOP
532585032,SMALL,GROCERIES
1361053758,,WINE AND SPIRIT
792153052,LARGE,WINE AND SPIRIT
436758456,,HOME SALES
2058936276,,HOME SALES
1710753643,,CORNER SHOP
1392531568,SMALL,HOME SALES
1265784396,SMALL,HOME SALES
2115119988,,GROCERIES
1947088181,MEDIUM,FRESH VEGTABLE MARKET
2076506516,MEDIUM,GROCERIES
1725594072,MEDIUM,GROCERIES
1720863237,,HOME SALES
1561084205,,HOME SALES
1414768586,MEDIUM,CORNER SHOP
1973189105,EXTRA LARGE,WINE AND SPIRIT
1061021315,SMALL,HOME SALES
742073232,,HOME SALES
1953367487,MICRO,HOME SALES
117064676,SMALL,WINE AND SPIRIT
422685231,MICRO,HOME SALES
459295582,MEDIUM,FAMILY-RUN SUPERMAKRET
1893622002,SMALL,BAR
931033178,SMALL,HOME SALES
133701708,MICRO,HOME SALES
1225981899,,CORNER SHOP
1823737610,MEDIUM,GROCERIES
972032105,,HOME SALES
55229886,SMALL,HOME SALES
1781885451,SMALL,HOME SALES
271789447,SMALL,CORNER SHOP
244676925,MEDIUM,GROCERIES
310280715,MEDIUM,HOME SALES
1436820236,MEDIUM,CORNER SHOP
792334640,LARGE,GROCERIES
1794503155,MICRO,BAR
143577939,MEDIUM,FRESH VEGTABLE MARKET
859048720,,GROCERIES
282032473,,GROCERIES
1753112063,MICRO,BAR
516611018,SMALL,GROCERIES
210288808,MICRO,HOME SALES
2030610795,MEDIUM,FRESH VEGTABLE MARKET
358469997,MEDIUM,GROCERIES
1328500206,MICRO,FRESH VEGTABLE MARKET
660481551,MEDIUM,GROCERIES
1084684907,MEDIUM,GROCERIES
338323707,MEDIUM,GROCERIES
1143300060,SMALL,BAR
1824462639,MEDIUM,HOME SALES
272635843,SMALL,PHARMACY
720428879,SMALL,GROCERIES
740474089,SMALL,HOME SALES
1721573498,SMALL,HOME SALES
1739007109,MEDIUM,CORNER SHOP
1939416282,SMALL,HOME SALES
1906170066,SMALL,HOME SALES
95253463,SMALL,CORNER SHOP
1172090651,,HOME SALES
59546952,LARGE,GROCERIES
241356758,MICRO,FAMILY-RUN SUPERMAKRET
1889040372,,HOME SALES
937851374,SMALL,HOME SALES
428470413,MEDIUM,FAMILY-RUN SUPERMAKRET
324682412,SMALL,HOME SALES
1848688107,MEDIUM,HOME SALES
1633612092,,GROCERIES
590478091,,GROCERIES
457264054,,HOME SALES
863630774,SMALL,HOME SALES
219032198,MICRO,HOME SALES
1334691595,SMALL,FRESH VEGTABLE MARKET
831228393,,HOME SALES
528808474,,CORNER SHOP
28559429,MEDIUM,GROCERIES
716698221,SMALL,BAR
1868151603,MICRO,PHARMACY
151813179,SMALL,CORNER SHOP
2085006826,MICRO,HOME SALES
823723829,MICRO,GROCERIES
2121042171,SMALL,HOME SALES
1514347436,MEDIUM,CORNER SHOP
1098513650,MEDIUM,GROCERIES
128725650,SMALL,HOME SALES
1250610888,MICRO,HOME SALES
761272312,SMALL,BAR
1469986503,MICRO,HOME SALES
166050713,,FRESH VEGTABLE MARKET
1100761870,MEDIUM,HOME SALES
323100344,,GROCERIES
2094070959,SMALL,GROCERIES
1542191191,SMALL,HOME SALES
1934922659,MEDIUM,GROCERIES
1842971130,SMALL,GROCERIES
1201186692,LARGE,WINE AND SPIRIT
964800157,,HOME SALES
194019441,MICRO,HOME SALES
1283928762,,HOME SALES
1563604599,,WINE AND SPIRIT
2131038627,SMALL,HOME SALES
1765541871,SMALL,HOME SALES
264551922,MICRO,HOME SALES
651027698,SMALL,BAR
1099600425,,HOME SALES
1688321624,MEDIUM,GROCERIES
156339609,MEDIUM,CORNER SHOP
1402599995,,HOME SALES
1625316612,SMALL,HOME SALES
1618124784,,HOME SALES
1241605762,MEDIUM,CORNER SHOP
181346053,,CORNER SHOP
1534895457,MICRO,HOME SALES
206768745,MEDIUM,CORNER SHOP
1926369835,EXTRA LARGE,GROCERIES
504327808,MEDIUM,GROCERIES
101381205,SMALL,CORNER SHOP
550882272,SMALL,SPECIALIZED FOOD SERVICES
1868481080,SMALL,CORNER SHOP
180891695,,HOME SALES
421764714,,CORNER SHOP
230500461,SMALL,HOME SALES
854126449,SMALL,CORNER SHOP
1115472431,MEDIUM,GROCERIES
1136559407,MEDIUM,GROCERIES
1179763783,SMALL,CORNER SHOP
2066624780,SMALL,HOME SALES
1707308851,MEDIUM,BAR
1250075263,MICRO,HOME SALES
1048303733,MEDIUM,GROCERIES
699759423,,HOME SALES
957837868,SMALL,CORNER SHOP
703061852,MICRO,HOME SALES
216120170,MEDIUM,GROCERIES
1947922402,,FRESH VEGTABLE MARKET
1736811367,MICRO,HOME SALES
695258565,SMALL,HOME SALES
1954843135,,FAMILY-RUN SUPERMAKRET
110776504,,HOME SALES
1675780543,,HOME SALES
727493176,SMALL,BAR
929798000,MICRO,HOME SALES
608175564,,HOME SALES
621384307,SMALL,HOME SALES
1169316701,,HOME SALES
688841501,SMALL,GROCERIES
419637700,SMALL,HOME SALES
201110258,,GROCERIES
332726228,,HOME SALES
903784248,MEDIUM,GROCERIES
1852573736,MEDIUM,BAR
1421855069,,HOME SALES
349340929,SMALL,PHARMACY
1025047796,SMALL,HOME SALES
2106435823,,HOME SALES
664672032,MEDIUM,CORNER SHOP
662688363,,WINE AND SPIRIT
1214800049,,CORNER SHOP
902033677,SMALL,HOME SALES
1327685694,MEDIUM,SPECIALIZED FOOD SERVICES
536861554,MEDIUM,CORNER SHOP
938252995,MICRO,HOME SALES
78605213,MEDIUM,GROCERIES
1030083828,,HOME SALES
1032209659,SMALL,HOME SALES
1307798090,MICRO,HOME SALES
1613631913,MICRO,HOME SALES
1694939025,MICRO,HOME SALES
1084087005,SMALL,HOME SALES
1404185402,EXTRA LARGE,FAMILY-RUN SUPERMAKRET
1455456808,SMALL,HOME SALES
1131434811,SMALL,HOME SALES
677266817,SMALL,CORNER SHOP
533298223,,GROCERIES
1747616825,MICRO,GROCERIES
1850005737,LARGE,GROCERIES
1067323137,,HOME SALES
1759707905,,GROCERIES
1056473900,EXTRA LARGE,GROCERIES
29890542,,CORNER SHOP
1883421956,,HOME SALES
1099527764,MEDIUM,GROCERIES
1184452049,SMALL,BAR
735235127,,FAMILY-OWNED RESTAURANT
1445055317,MEDIUM,CORNER SHOP
1225250644,SMALL,HOME SALES
1810271631,,CORNER SHOP
2124729796,LARGE,GROCERIES
1959974588,LARGE,GROCERIES
2072659875,SMALL,GROCERIES
1548714309,LARGE,GROCERIES
279232086,,HOME SALES
132052277,MICRO,PHARMACY
1053910777,MEDIUM,GROCERIES
1595360021,MEDIUM,HOME SALES
750408576,MEDIUM,GROCERIES
229052336,SMALL,HOME SALES
408612297,MEDIUM,GROCERIES
1073915492,,CORNER SHOP
1892857291,MEDIUM,GROCERIES
625186516,,GROCERIES
1957540322,,CORNER SHOP
47588233,SMALL,HOME SALES
1326969985,,HOME SALES
537970627,SMALL,BAR
393286135,MEDIUM,HOME SALES
1796044519,,HOME SALES
2036227313,MEDIUM,CORNER SHOP
1642691509,,HOME SALES
329137505,,GROCERIES
337456101,,HOME SALES
209282711,,HOME SALES
1691767189,MICRO,BUTCHERY
1689886996,,PHARMACY
17953057,,CORNER SHOP
1454777071,,HOME SALES
1517588923,MEDIUM,GROCERIES
1478760494,,HOME SALES
500112116,MICRO,HOME SALES
58036139,EXTRA LARGE,BAR
1453403953,,GROCERIES
1190790973,MEDIUM,HOME SALES
1338086595,MICRO,FRESH VEGTABLE MARKET
1081304599,,BAR
28746398,MEDIUM,GROCERIES
343096447,MEDIUM,CORNER SHOP
572652096,MICRO,CORNER SHOP
675405307,MEDIUM,GROCERIES
1575096121,MEDIUM,WHOLESELLER
1254579428,,WINE AND SPIRIT
2046413245,MEDIUM,GROCERIES
1291840713,MICRO,CORNER SHOP
1274776706,SMALL,HOME SALES
347024665,,HOME SALES
212318637,MEDIUM,GROCERIES
634487772,LARGE,GROCERIES
1002212977,MEDIUM,GROCERIES
1402674453,MICRO,HOME SALES
1978467907,MICRO,BAR
631966880,,HOME SALES
2096662335,EXTRA LARGE,GROCERIES
1080688830,MICRO,HOME SALES
1668128578,MEDIUM,GROCERIES
1537348191,MICRO,HOME SALES
1250149552,MICRO,HOME SALES
78242532,MEDIUM,HOME SALES
329279,MEDIUM,CORNER SHOP
2097830882,LARGE,GROCERIES
2106575117,SMALL,HOME SALES
257726718,MEDIUM,GROCERIES
824828726,,HOME SALES
1872454328,SMALL,CORNER SHOP
1943294244,MEDIUM,GROCERIES
537702225,,GROCERIES
625338582,,CORNER SHOP
240751998,MICRO,WHOLESELLER
1355795925,MICRO,GROCERIES
639281031,,CORNER SHOP
927886338,SMALL,HOME SALES
1945736065,MICRO,BUTCHERY
1224546071,MEDIUM,GROCERIES
396077307,,GROCERIES
652494306,,HOME SALES
1903089132,MICRO,BUTCHERY
1993639340,SMALL,HOME SALES
1009945448,SMALL,CORNER SHOP
529722039,LARGE,CORNER SHOP
232307398,MEDIUM,HOME SALES
1295389596,,HOME SALES
23648622,,WINE AND SPIRIT
109652965,SMALL,CORNER SHOP
1040725726,MICRO,HOME SALES
283497336,SMALL,HOME SALES
716847248,MEDIUM,FRESH VEGTABLE MARKET
287640995,SMALL,HOME SALES
255171141,SMALL,BAR
384194935,,GROCERIES
91233882,MICRO,HOME SALES
25782739,,HOME SALES
298077567,,HOME SALES
2110159422,SMALL,GROCERIES
2046217640,MEDIUM,WHOLESELLER
316794444,,CORNER SHOP
755076552,MICRO,GROCERIES
2038267347,LARGE,FAMILY-RUN SUPERMAKRET
1300160043,MICRO,HOME SALES
14725197,SMALL,HOME SALES
1534316796,MEDIUM,CORNER SHOP
1287751766,MICRO,HOME SALES
1167639943,,FAMILY-RUN SUPERMAKRET
1623359536,SMALL,GROCERIES
644085688,MEDIUM,GROCERIES
781777943,,GROCERIES
1086985749,MICRO,HOME SALES
1458718796,,GROCERIES
2094601377,SMALL,FRESH VEGTABLE MARKET
1850440771,EXTRA LARGE,WINE AND SPIRIT
2138656765,EXTRA LARGE,FRESH VEGTABLE MARKET
585706870,MEDIUM,GROCERIES
93910491,SMALL,BUTCHERY
761912738,SMALL,GROCERIES
133742598,,HOME SALES
1952292364,LARGE,GROCERIES
422136643,LARGE,GROCERIES
578645955,,WINE AND SPIRIT
1682421943,,HOME SALES
1550230646,SMALL,HOME SALES
1366820573,SMALL,HOME SALES
487728003,,HOME SALES
944716690,MEDIUM,CORNER SHOP
1467840506,SMALL,HOME SALES
13345888,MICRO,HOME SALES
476890681,MEDIUM,CORNER SHOP
417468480,MEDIUM,CORNER SHOP
1163700061,MEDIUM,CORNER SHOP
77457054,MICRO,CORNER SHOP
340051954,SMALL,BAR
1499475436,MEDIUM,CORNER SHOP
338416435,MICRO,HOME SALES
626525385,SMALL,HOME SALES
930287032,SMALL,BAR
1580900648,,GROCERIES
1465362101,,SPECIALIZED FOOD SERVICES
981905507,SMALL,HOME SALES
1084850667,MICRO,GROCERIES
1545852167,,WINE AND SPIRIT
1160589171,MICRO,HOME SALES
417616425,,HOME SALES
954488219,MEDIUM,CORNER SHOP
1388147239,SMALL,CORNER SHOP
1738262137,,CORNER SHOP
1750592071,SMALL,HOME SALES
1814001513,MEDIUM,HOME SALES
1466423492,SMALL,HOME SALES
1312217887,,CORNER SHOP
1445792967,,GROCERIES
1285332433,,CORNER SHOP
1025456380,,GROCERIES
134338203,MICRO,BUTCHERY
675222080,,HOME SALES
665822519,,GROCERIES
718648135,,HOME SALES
457906744,,HOME SALES
1931886777,MEDIUM,HOME SALES
998575001,LARGE,CORNER SHOP
1141286654,MEDIUM,SPECIALIZED FOOD SERVICES
1153631932,,CORNER SHOP
670770273,,HOME SALES
2059493094,MEDIUM,FAMILY-OWNED RESTAURANT
1966243994,SMALL,GROCERIES
1137516140,SMALL,FAMILY-RUN SUPERMAKRET
1511753320,,HOME SALES
2067003207,MICRO,HOME SALES
1822777236,SMALL,BAR
1367876649,MICRO,BAR
1368849927,SMALL,BAR
1523704718,SMALL,CORNER SHOP
1524362341,SMALL,HOME SALES
1469895859,,HOME SALES
1697459547,MEDIUM,GROCERIES
721363643,,CORNER SHOP
1763378129,SMALL,GROCERIES
2071941284,SMALL,HOME SALES
893625086,,CORNER SHOP
2019833382,SMALL,GROCERIES
967773409,LARGE,GROCERIES
1862618342,MEDIUM,CORNER SHOP
904596709,SMALL,CORNER SHOP
457927125,SMALL,HOME SALES
559426156,,GROCERIES
1228520981,MEDIUM,FRESH VEGTABLE MARKET
1150365233,,GROCERIES
1537280150,MICRO,GROCERIES
108089505,EXTRA LARGE,WHOLESELLER
1521519105,SMALL,HOME SALES
218521905,MICRO,GROCERIES
989709581,MICRO,HOME SALES
2031716967,MEDIUM,WINE AND SPIRIT
722371165,MEDIUM,GROCERIES
1668609463,SMALL,HOME SALES
204615282,,CORNER SHOP
1730636287,MEDIUM,GROCERIES
871710296,EXTRA LARGE,GROCERIES
856034691,LARGE,GROCERIES
1114926936,MEDIUM,CORNER SHOP
246519451,,GROCERIES
1985778351,MICRO,HOME SALES
510520765,,HOME SALES
345940432,MICRO,HOME SALES
165611183,,CORNER SHOP
370817629,MICRO,WINE AND SPIRIT
1299423561,MEDIUM,GROCERIES
1679057758,LARGE,GROCERIES
1204665179,,PHARMACY
506025811,MEDIUM,FRESH VEGTABLE MARKET
838658406,,HOME SALES
982194588,SMALL,HOME SALES
1747642953,,HOME SALES
509194282,MICRO,CORNER SHOP
49017721,,CORNER SHOP
316317147,SMALL,HOME SALES
1261020554,,CORNER SHOP
993760036,,CORNER SHOP
759037235,SMALL,HOME SALES
1440773424,MICRO,CORNER SHOP
266919392,SMALL,HOME SALES
149046060,,HOME SALES
1125924336,,FAMILY-RUN SUPERMAKRET
1224596436,SMALL,HOME SALES
1184773609,MEDIUM,GROCERIES
1276864713,MEDIUM,HOME SALES
2047832851,,HOME SALES
484483832,MICRO,BAR
866198030,SMALL,HOME SALES
2115635945,SMALL,CORNER SHOP
1831933657,SMALL,GROCERIES
272551139,MEDIUM,GROCERIES
315429907,,BAR
1999374890,,BAR
1888970123,MEDIUM,CORNER SHOP
658943856,MEDIUM,GROCERIES
1785072546,,HOME SALES
1442499970,SMALL,BAR
332127209,,GROCERIES
590143215,MEDIUM,CORNER SHOP
316823838,SMALL,HOME SALES
436262151,MEDIUM,CORNER SHOP
1737291059,LARGE,GROCERIES
1438080098,,PHARMACY
380756709,MEDIUM,FRESH VEGTABLE MARKET
842682044,MEDIUM,WINE AND SPIRIT
87725031,,CORNER SHOP
1653674620,MEDIUM,GROCERIES
862020609,MEDIUM,GROCERIES
95519185,SMALL,HOME SALES
506276041,MEDIUM,CORNER SHOP
1852868060,,CORNER SHOP
776782102,,HOME SALES
1356632525,MEDIUM,GROCERIES
1552961580,MICRO,PHARMACY
1315581807,SMALL,BAR
670546831,EXTRA LARGE,GROCERIES
461885247,,HOME SALES
1506852264,,GROCERIES
372510297,,HOME SALES
267255299,LARGE,GROCERIES
1889845293,SMALL,BAR
551577081,,HOME SALES
1713368031,,BAR
1427428793,,FAMILY-RUN SUPERMAKRET
2003171393,,HOME SALES
1774477404,,HOME SALES
1986881192,,HOME SALES
1139053240,MEDIUM,FRESH VEGTABLE MARKET
1155606911,,BAR
259709249,MEDIUM,GROCERIES
154071562,SMALL,HOME SALES
1234535971,MICRO,HOME SALES
60419991,MEDIUM,CORNER SHOP
797561195,MEDIUM,GROCERIES
191565397,MICRO,BAR
1829153200,MICRO,HOME SALES
1427372209,MEDIUM,BAR
641589823,,CORNER SHOP
1198492652,SMALL,HOME SALES
1841444872,MICRO,HOME SALES
1067584708,MEDIUM,GROCERIES
1663776270,MICRO,FAMILY-OWNED RESTAURANT
762573852,SMALL,HOME SALES
915690226,MEDIUM,GROCERIES
434391024,SMALL,HOME SALES
384120599,,HOME SALES
1205364798,MICRO,HOME SALES
1283968874,,BUTCHERY
824955289,,CORNER SHOP
1895280233,,HOME SALES
1157927620,SMALL,CORNER SHOP
1594673210,MICRO,CORNER SHOP
451686931,MICRO,HOME SALES
1156256517,MEDIUM,GROCERIES
2067568083,MICRO,HOME SALES
2136882702,,WINE AND SPIRIT
715415919,LARGE,GROCERIES
1090485271,SMALL,BAR
459556064,MICRO,HOME SALES
406815953,,HOME SALES
1651339822,LARGE,GROCERIES
2089317258,MICRO,HOME SALES
933083273,,CORNER SHOP
609748247,,HOME SALES
886247802,MEDIUM,CORNER SHOP
752174537,MICRO,HOME SALES
597452533,MICRO,GROCERIES
1882806116,SMALL,HOME SALES
1629790719,MEDIUM,GROCERIES
924289946,MICRO,HOME SALES
1852782043,MEDIUM,FAMILY-RUN SUPERMAKRET
113481240,MICRO,BAR
1154217600,MICRO,BUTCHERY
862224576,SMALL,HOME SALES
2098536026,,CORNER SHOP
1419322508,SMALL,HOME SALES
1135041287,MEDIUM,HOME SALES
674095151,,GROCERIES
612177046,SMALL,CORNER SHOP
859219356,,CORNER SHOP
848488035,MICRO,CORNER SHOP
2017716599,,HOME SALES
102304577,MEDIUM,GROCERIES
2144035024,,CORNER SHOP
417329562,EXTRA LARGE,WHOLESELLER
846968688,SMALL,GROCERIES
1412362000,MEDIUM,GROCERIES
1116099792,SMALL,FRESH VEGTABLE MARKET
2119220984,SMALL,HOME SALES
433601657,MICRO,HOME SALES
1858677668,,HOME SALES
681100972,MEDIUM,WINE AND SPIRIT
1851535952,MEDIUM,GROCERIES
1355662668,MEDIUM,GROCERIES
2097876513,SMALL,HOME SALES
777812327,,HOME SALES
1113003549,,HOME SALES
619403771,SMALL,CORNER SHOP
1750617541,SMALL,PHARMACY
449752939,LARGE,FAMILY-RUN SUPERMAKRET
1951582715,,HOME SALES
819734252,MICRO,HOME SALES
1161936809,MEDIUM,HOME SALES
1261642197,,HOME SALES
875881822,MICRO,HOME SALES
1899682776,,GROCERIES
19746159,,HOME SALES
2030266354,,BUTCHERY
1215224709,,CORNER SHOP
230191893,,HOME SALES
1782086881,,HOME SALES
1455277672,MEDIUM,CORNER SHOP
1697211071,,FAMILY-RUN SUPERMAKRET
1660825470,SMALL,HOME SALES
380565841,SMALL,BAR
1209128227,MEDIUM,GROCERIES
250231617,SMALL,HOME SALES
1195439354,,PHARMACY
1941981721,MICRO,CORNER SHOP
1187427087,,HOME SALES
307139266,,WINE AND SPIRIT
610350344,,HOME SALES
1154571982,,HOME SALES
769163477,SMALL,HOME SALES
24739449,SMALL,HOME SALES
898761955,EXTRA LARGE,FAMILY-RUN SUPERMAKRET
131269644,MICRO,HOME SALES
1280345028,,GROCERIES
618083449,MEDIUM,WINE AND SPIRIT
554807850,MICRO,GROCERIES
877872907,MEDIUM,GROCERIES
1439922871,MICRO,FAMILY-OWNED RESTAURANT
1144142461,MEDIUM,GROCERIES
1838078758,MEDIUM,GROCERIES
695771991,MICRO,CORNER SHOP
160158373,SMALL,HOME SALES
2102852257,EXTRA LARGE,GROCERIES
146282275,MEDIUM,HOME SALES
2085559934,SMALL,HOME SALES
832306146,SMALL,GROCERIES
1381097561,,GROCERIES
1827024174,EXTRA LARGE,WHOLESELLER
601915813,,HOME SALES
1667990645,MEDIUM,GROCERIES
1344801736,MEDIUM,GROCERIES
196387904,,HOME SALES
757909662,MICRO,HOME SALES
390835149,MEDIUM,CORNER SHOP
1427792214,,WINE AND SPIRIT
268325406,,HOME SALES
776348399,,HOME SALES
148920651,MEDIUM,GROCERIES
764590926,SMALL,CORNER SHOP
1555670320,MEDIUM,HOME SALES
1591998276,SMALL,CORNER SHOP
1169398537,SMALL,HOME SALES
846198049,SMALL,HOME SALES
616492038,MEDIUM,CORNER SHOP
627163141,MICRO,CORNER SHOP
2064139907,SMALL,GROCERIES
64013137,SMALL,HOME SALES
520117545,,CORNER SHOP
451205433,MICRO,HOME SALES
691300597,MEDIUM,FRESH VEGTABLE MARKET
15037581,,CORNER SHOP
1289125721,MEDIUM,FRESH VEGTABLE MARKET
999082687,,GROCERIES
916850701,MEDIUM,HOME SALES
2006387274,MICRO,HOME SALES
1149399822,SMALL,GROCERIES
1689153423,MEDIUM,GROCERIES
981169371,MICRO,HOME SALES
533885143,,HOME SALES
294778096,,GROCERIES
479004434,,GROCERIES
465210033,,GROCERIES
812392004,MICRO,HOME SALES
1685497199,SMALL,HOME SALES
1699112855,MEDIUM,CORNER SHOP
1340410098,,CORNER SHOP
223211449,MEDIUM,CORNER SHOP
1173446618,MEDIUM,GROCERIES
319302338,MEDIUM,CORNER SHOP
371616505,SMALL,BAR
915047916,MEDIUM,GROCERIES
1735448343,SMALL,HOME SALES
1830452562,SMALL,HOME SALES
1499320047,SMALL,CORNER SHOP
1503670866,,CORNER SHOP
2045356304,MEDIUM,PHARMACY
917788568,MEDIUM,GROCERIES
373266421,,GROCERIES
1737885189,SMALL,CORNER SHOP
385574448,MEDIUM,WHOLESELLER
1076123123,,WINE AND SPIRIT
1287002847,SMALL,SPECIALIZED FOOD SERVICES
1648500989,SMALL,CORNER SHOP
1781866035,MEDIUM,FAMILY-OWNED RESTAURANT
1104302044,MEDIUM,WHOLESELLER
931024540,SMALL,BAR
619217898,,HOME SALES
359730498,,PHARMACY
341678081,MEDIUM,CORNER SHOP
815377736,SMALL,HOME SALES
1548326046,MEDIUM,CORNER SHOP
966920373,LARGE,GROCERIES
1706148824,MEDIUM,PHARMACY
1671416815,,GROCERIES
1607882372,MEDIUM,CORNER SHOP
788957263,,PHARMACY
438945482,,HOME SALES
1760729503,,HOME SALES
1347185729,,FRESH VEGTABLE MARKET
1521496230,,CORNER SHOP
123220204,MEDIUM,CORNER SHOP
991729793,MEDIUM,GROCERIES
1613926818,SMALL,GROCERIES
363878381,MEDIUM,FRESH VEGTABLE MARKET
1480579023,,GROCERIES
60410039,MEDIUM,CORNER SHOP
2064763650,EXTRA LARGE,GROCERIES
902193667,SMALL,HOME SALES
1200826147,MICRO,HOME SALES
1843669948,MEDIUM,BAR
1778081350,SMALL,CORNER SHOP
1872627443,,HOME SALES
583376583,MEDIUM,GROCERIES
1842969237,MEDIUM,WHOLESELLER
1572468329,,HOME SALES
1492693056,SMALL,BAR
1834925559,MEDIUM,CORNER SHOP
1931267979,,CORNER SHOP
260673796,SMALL,HOME SALES
1888335439,MEDIUM,GROCERIES
2009246542,,WINE AND SPIRIT
994272275,SMALL,HOME SALES
1201579661,,HOME SALES
1830415837,,CORNER SHOP
125707616,SMALL,HOME SALES
607739469,MICRO,HOME SALES
349205531,SMALL,GROCERIES
631426121,MEDIUM,FRESH VEGTABLE MARKET
2116498100,SMALL,GROCERIES
1994044660,MEDIUM,CORNER SHOP
178240050,MEDIUM,HOME SALES
1089569431,MEDIUM,GROCERIES
526148958,MEDIUM,GROCERIES
2096663051,MICRO,PHARMACY
1068015470,,HOME SALES
20101702,MEDIUM,CORNER SHOP
1741660695,MEDIUM,HOME SALES
911492080,,CORNER SHOP
1075288532,SMALL,HOME SALES
1218852550,SMALL,WINE AND SPIRIT
155723785,,HOME SALES
1928317554,SMALL,HOME SALES
1789658523,MEDIUM,GROCERIES
1524474504,SMALL,CORNER SHOP
1385558701,MICRO,HOME SALES
2133156499,SMALL,CORNER SHOP
850226161,,BAR
843918835,,HOME SALES
605158634,MEDIUM,CORNER SHOP
618195750,,HOME SALES
1059240126,MICRO,FAMILY-RUN SUPERMAKRET
1811905920,MEDIUM,HOME SALES
310161484,MICRO,HOME SALES
1683773316,,GROCERIES
1109832607,MICRO,HOME SALES
1007537596,MEDIUM,WINE AND SPIRIT
1912947611,MEDIUM,HOME SALES
868306040,EXTRA LARGE,FAMILY-RUN SUPERMAKRET
671697654,SMALL,HOME SALES
1072414445,MICRO,HOME SALES
349340607,,HOME SALES
1364763595,MICRO,BUTCHERY
1530813643,MEDIUM,CORNER SHOP
679034460,MEDIUM,GROCERIES
1571012287,MEDIUM,HOME SALES
16082501,MEDIUM,HOME SALES
60830912,,FAMILY-RUN SUPERMAKRET
312028516,MICRO,HOME SALES
1370161377,MEDIUM,GROCERIES
755066660,,HOME SALES
2130679248,,HOME SALES
525978413,,FRESH VEGTABLE MARKET
1416562588,MEDIUM,FRESH VEGTABLE MARKET
469703413,MEDIUM,HOME SALES
1752762782,LARGE,GROCERIES
494830580,MICRO,HOME SALES
54624088,SMALL,GROCERIES
854380314,MEDIUM,GROCERIES
1069713225,MEDIUM,GROCERIES
2061579218,MICRO,HOME SALES
78680385,MEDIUM,GROCERIES
767939185,MEDIUM,GROCERIES
75690599,MEDIUM,GROCERIES
1700262479,SMALL,GROCERIES
1232557729,LARGE,FAMILY-RUN SUPERMAKRET
821964758,,HOME SALES
1800566415,SMALL,CORNER SHOP
1499697611,MICRO,HOME SALES
840204055,MEDIUM,CORNER SHOP
1583200335,MICRO,GROCERIES
70776922,,GROCERIES
606039943,MEDIUM,CORNER SHOP
1720131790,MICRO,HOME SALES
329375316,SMALL,FRESH VEGTABLE MARKET
1952123500,MICRO,HOME SALES
707385678,MEDIUM,HOME SALES
987517077,SMALL,CORNER SHOP
1602597277,SMALL,HOME SALES
524436656,,GROCERIES
86484550,,GROCERIES
463284970,SMALL,HOME SALES
377498193,,HOME SALES
1132889553,,FAMILY-RUN SUPERMAKRET
1581368610,MEDIUM,GROCERIES
2119526041,MEDIUM,FRESH VEGTABLE MARKET
1127279089,SMALL,WINE AND SPIRIT
2001750542,MEDIUM,CORNER SHOP
2040115027,SMALL,HOME SALES
464689576,MEDIUM,CORNER SHOP
1622729603,,CORNER SHOP
131254208,MEDIUM,CORNER SHOP
988874413,,HOME SALES
1539183374,MICRO,HOME SALES
977791158,SMALL,HOME SALES
202988605,,FRESH VEGTABLE MARKET
647933427,,CORNER SHOP
1329642565,SMALL,GROCERIES
2045840138,MEDIUM,CORNER SHOP
2079146684,SMALL,CORNER SHOP
743768026,,HOME SALES
1045661034,MEDIUM,CORNER SHOP
991924262,,WINE AND SPIRIT
183227272,SMALL,HOME SALES
332014894,MEDIUM,GROCERIES
1137560332,SMALL,HOME SALES
444424232,MEDIUM,FRESH VEGTABLE MARKET
1165531621,MICRO,HOME SALES
2007675990,MICRO,PHARMACY
1989045378,,HOME SALES
1983631798,MICRO,HOME SALES
1647796232,MEDIUM,GROCERIES
479362344,,HOME SALES
1190865890,EXTRA LARGE,WINE AND SPIRIT
1114886524,EXTRA LARGE,WHOLESELLER
1396294389,,CORNER SHOP
791433588,SMALL,HOME SALES
762956166,MICRO,HOME SALES
1113825881,SMALL,CORNER SHOP
259743505,MEDIUM,CORNER SHOP
2021041276,,BAR
974289758,MICRO,GROCERIES
1083032551,MEDIUM,CORNER SHOP
795843054,,WINE AND SPIRIT
842444921,MEDIUM,GROCERIES
1745987727,MEDIUM,GROCERIES
1141939337,SMALL,BAR
580206975,SMALL,HOME SALES
1049382817,,HOME SALES
1101230877,MEDIUM,CORNER SHOP
1485966481,SMALL,CORNER SHOP
579700086,,HOME SALES
1877008106,SMALL,PHARMACY
465328091,MICRO,BAR
1913235911,MEDIUM,GROCERIES
267422437,,HOME SALES
1638702415,SMALL,BAR
1877017841,MEDIUM,GROCERIES
1665879850,,FRESH VEGTABLE MARKET
1549263948,SMALL,BAR
1763821744,SMALL,CORNER SHOP
1382817935,,HOME SALES
2092298914,SMALL,CORNER SHOP
2132820126,SMALL,CORNER SHOP
142731167,SMALL,CORNER SHOP
93552828,MEDIUM,FAMILY-RUN SUPERMAKRET
1637860776,MEDIUM,CORNER SHOP
1159905556,SMALL,CORNER SHOP
660611730,LARGE,CORNER SHOP
223526687,MEDIUM,HOME SALES
1475891662,MEDIUM,GROCERIES
822152858,MICRO,BAR
1926599851,,HOME SALES
860844234,SMALL,HOME SALES
1142459239,,HOME SALES
1584538497,MICRO,HOME SALES
19502111,SMALL,HOME SALES
574304885,LARGE,GROCERIES
1462315870,,FAMILY-RUN SUPERMAKRET
2087056451,SMALL,HOME SALES
78192967,MICRO,PHARMACY
1150160386,,BAR
851968584,SMALL,HOME SALES
1399120448,MEDIUM,BAR
231293916,MICRO,HOME SALES
1784602099,SMALL,HOME SALES
2092395318,SMALL,CORNER SHOP
1793057520,MEDIUM,GROCERIES
2092807764,MEDIUM,GROCERIES
2131264411,,WINE AND SPIRIT
615949354,EXTRA LARGE,GROCERIES
792607071,MEDIUM,GROCERIES
801326702,,HOME SALES
1806463098,MEDIUM,FRESH VEGTABLE MARKET
1764533255,,CORNER SHOP
1111442149,SMALL,HOME SALES
485650250,SMALL,HOME SALES
71206971,SMALL,GROCERIES
2013038813,MEDIUM,HOME SALES
254731093,MEDIUM,CORNER SHOP
143110700,,HOME SALES
528711750,,WINE AND SPIRIT
43757618,SMALL,HOME SALES
2080612997,SMALL,HOME SALES
578441432,MEDIUM,GROCERIES
1324915343,MEDIUM,GROCERIES
1889379487,MICRO,HOME SALES
149537101,LARGE,GROCERIES
1789024483,MEDIUM,GROCERIES
718493205,,CONVENIENCE STORE
1518549259,MEDIUM,WINE AND SPIRIT
810287083,MEDIUM,BAR
929527499,,CORNER SHOP
733790289,SMALL,GROCERIES
1431762170,MEDIUM,CORNER SHOP
1027653822,MEDIUM,GROCERIES
1275842023,MEDIUM,CORNER SHOP
856992147,,CORNER SHOP
1845297535,MEDIUM,WINE AND SPIRIT
288033711,MEDIUM,GROCERIES
1013454037,MEDIUM,BAR
68742573,SMALL,HOME SALES
92046616,MEDIUM,HOME SALES
1993311721,MEDIUM,GROCERIES
896233317,MEDIUM,GROCERIES
2123667953,LARGE,WHOLESELLER
763470835,,HOME SALES
325377835,SMALL,HOME SALES
2136719632,MEDIUM,GROCERIES
1633323005,MEDIUM,GROCERIES
2102644153,MEDIUM,FRESH VEGTABLE MARKET
614387479,MEDIUM,FAMILY-RUN SUPERMAKRET
1049289316,SMALL,HOME SALES
571994754,SMALL,HOME SALES
532547626,SMALL,HOME SALES
1598151819,MICRO,HOME SALES
1041923298,,CORNER SHOP
215899734,MEDIUM,WHOLESELLER
1960832735,MICRO,HOME SALES
1130781340,SMALL,HOME SALES
260344028,SMALL,CORNER SHOP
877372187,SMALL,GROCERIES
584965020,SMALL,HOME SALES
1131763170,,HOME SALES
1513318283,SMALL,HOME SALES
2026934544,MEDIUM,BUTCHERY
2085803148,,HOME SALES
784928452,,HOME SALES
463485439,,WINE AND SPIRIT
120309175,MEDIUM,CORNER SHOP
1376089049,MICRO,PHARMACY
1484776928,MEDIUM,HOME SALES
1247083522,SMALL,HOME SALES
632290663,,HOME SALES
2000456339,SMALL,GROCERIES
2048888341,MICRO,HOME SALES
928411054,MICRO,HOME SALES
692884154,MEDIUM,CORNER SHOP
1740600159,,FRESH VEGTABLE MARKET
2020951024,SMALL,HOME SALES
546002582,MEDIUM,CORNER SHOP
435250249,MEDIUM,GROCERIES
903616533,SMALL,BAR
1274159684,MEDIUM,FAMILY-RUN SUPERMAKRET
1255199974,SMALL,HOME SALES
768155018,SMALL,HOME SALES
624050184,,CORNER SHOP
1322693405,,WINE AND SPIRIT
1219261609,MEDIUM,CORNER SHOP
1450551774,SMALL,CORNER SHOP
219713356,SMALL,CORNER SHOP
908571046,MEDIUM,CORNER SHOP
1691627253,EXTRA LARGE,WINE AND SPIRIT
586463861,,HOME SALES
1747162471,MEDIUM,FAMILY-RUN SUPERMAKRET
252414904,SMALL,HOME SALES
298527946,MEDIUM,HOME SALES
1960242247,MEDIUM,GROCERIES
1833467212,SMALL,HOME SALES
282469005,SMALL,BAR
1864465011,SMALL,CORNER SHOP
181564578,MEDIUM,GROCERIES
1895195084,MEDIUM,GROCERIES
1992137491,,HOME SALES
770074704,MICRO,BAR
1635041484,,HOME SALES
209815597,,CORNER SHOP
424210390,EXTRA LARGE,GROCERIES
628603788,,CORNER SHOP
1148151237,MICRO,BAR
1422536867,MEDIUM,FRESH VEGTABLE MARKET
422122698,MICRO,WINE AND SPIRIT
1467852615,MEDIUM,GROCERIES
695395386,SMALL,HOME SALES
151879179,,HOME SALES
807767632,MICRO,HOME SALES
1015499853,SMALL,BAR
1850910144,SMALL,HOME SALES
1046931128,SMALL,BAR
161560678,SMALL,CORNER SHOP
1285076487,MICRO,HOME SALES
1656751883,,HOME SALES
583451543,LARGE,WINE AND SPIRIT
972277943,SMALL,BAR
934345637,SMALL,HOME SALES
383621829,LARGE,WHOLESELLER
1985500572,SMALL,HOME SALES
552806028,MEDIUM,CORNER SHOP
1454355988,,HOME SALES
1565361061,MICRO,HOME SALES
180210594,MEDIUM,GROCERIES
702377218,MEDIUM,HOME SALES
22863518,MICRO,HOME SALES
1779512500,SMALL,HOME SALES
1182551098,SMALL,HOME SALES
1987360896,MEDIUM,BAR
2100192689,SMALL,CORNER SHOP
399910843,MEDIUM,CORNER SHOP
1405788361,,CORNER SHOP
1373115624,SMALL,CORNER SHOP
1608712217,,CORNER SHOP
561906186,MEDIUM,CORNER SHOP
439342842,SMALL,HOME SALES
1766636542,,HOME SALES
241962472,,HOME SALES
1669872326,MICRO,HOME SALES
740857100,SMALL,HOME SALES
2133174866,,CORNER SHOP
1650998054,,HOME SALES
1623781806,EXTRA LARGE,GROCERIES
1229665600,MEDIUM,CORNER SHOP
1740607802,MEDIUM,CORNER SHOP
404469436,MEDIUM,FAMILY-RUN SUPERMAKRET
1345882052,SMALL,BAR
1282924855,MEDIUM,CORNER SHOP
1160344266,LARGE,SPECIALIZED FOOD SERVICES
1169990069,MEDIUM,HOME SALES
353634968,MEDIUM,HOME SALES
361833227,MICRO,HOME SALES
328414992,MEDIUM,GROCERIES
812196181,SMALL,BAR
1087817165,MEDIUM,GROCERIES
1561741302,MICRO,GROCERIES
440403813,,WINE AND SPIRIT
1966707385,MICRO,HOME SALES
641615944,LARGE,GROCERIES
451280698,,CORNER SHOP
542891704,MEDIUM,GROCERIES
298598417,SMALL,CORNER SHOP
514248618,SMALL,HOME SALES
233500658,,HOME SALES
1349366733,MICRO,HOME SALES
1401626703,MEDIUM,FRESH VEGTABLE MARKET
1306050090,MEDIUM,GROCERIES
1337541325,,CORNER SHOP
821317465,LARGE,WINE AND SPIRIT
1593784255,,HOME SALES
1784688152,SMALL,WINE AND SPIRIT
980378574,MICRO,HOME SALES
499103993,,BAR
1321732385,MICRO,FRESH VEGTABLE MARKET
1231151658,SMALL,GROCERIES
1586076711,LARGE,GROCERIES
685690505,SMALL,HOME SALES
314399152,SMALL,HOME SALES
277516549,MEDIUM,GROCERIES
538712738,MEDIUM,HOME SALES
787955484,SMALL,GROCERIES
1839209117,MICRO,HOME SALES
290065363,SMALL,HOME SALES
340487966,LARGE,FAMILY-RUN SUPERMAKRET
1818727425,MEDIUM,CORNER SHOP
1337372976,SMALL,PHARMACY
2042915768,,HOME SALES
1319780159,SMALL,CORNER SHOP
1748235862,LARGE,GROCERIES
783070515,MEDIUM,HOME SALES
312626503,MEDIUM,CORNER SHOP
934547675,SMALL,SPECIALIZED FOOD SERVICES
552642244,MICRO,HOME SALES
31579984,,HOME SALES
1238232795,SMALL,HOME SALES
1780405171,SMALL,BAR
1410234563,MEDIUM,GROCERIES
1062984072,SMALL,GROCERIES
1280632117,SMALL,GROCERIES
241426284,MEDIUM,GROCERIES
597963297,MEDIUM,HOME SALES
1419236916,,GROCERIES
1170669675,,BAR
1653836740,,CORNER SHOP
122031025,MEDIUM,PHARMACY
2115789418,SMALL,HOME SALES
1856734392,,HOME SALES
1845138408,MICRO,HOME SALES
135368798,SMALL,HOME SALES
1430540815,MEDIUM,GROCERIES
1998599145,SMALL,CORNER SHOP
427512091,,WINE AND SPIRIT
2079770692,EXTRA LARGE,FAMILY-RUN SUPERMAKRET
2080499095,,CORNER SHOP
1701255666,,HOME SALES
849136040,MEDIUM,HOME SALES
293163774,LARGE,GROCERIES
912706803,SMALL,HOME SALES
1349836015,LARGE,WHOLESELLER
1453339264,,HOME SALES
156015322,SMALL,HOME SALES
920273246,SMALL,CORNER SHOP
382686840,MEDIUM,GROCERIES
554375403,,HOME SALES
1368660877,MEDIUM,GROCERIES
1535844082,,BAR
716087288,MEDIUM,GROCERIES
1384107110,,HOME SALES
1308153149,MEDIUM,GROCERIES
154931615,MEDIUM,WINE AND SPIRIT
284563211,SMALL,HOME SALES
1804785224,,HOME SALES
1201554922,MEDIUM,CORNER SHOP
1540351289,MEDIUM,GROCERIES
1486590910,,CORNER SHOP
46628680,MEDIUM,CORNER SHOP
760019145,MEDIUM,CORNER SHOP
280644172,SMALL,BAR
73576587,MICRO,HOME SALES
1273509015,SMALL,HOME SALES
870423431,MICRO,PHARMACY
1498379037,LARGE,GROCERIES
1156830109,MEDIUM,CORNER SHOP
1204966154,SMALL,HOME SALES
2085278354,SMALL,WINE AND SPIRIT
1653324839,MEDIUM,WHOLESELLER
648785960,LARGE,GROCERIES
191645919,MICRO,HOME SALES
1393613687,SMALL,HOME SALES
766805102,SMALL,HOME SALES
2132985708,MEDIUM,GROCERIES
716617325,LARGE,GROCERIES
613067944,SMALL,HOME SALES
439598834,SMALL,HOME SALES
914985619,,HOME SALES
2095222784,SMALL,GROCERIES
21246119,SMALL,HOME SALES
1719567132,MEDIUM,BAR
870760259,,HOME SALES
394446558,LARGE,GROCERIES
1152004614,,BAR
1551501607,MEDIUM,GROCERIES
782954220,SMALL,GROCERIES
1621999178,SMALL,HOME SALES
1561705977,MEDIUM,GROCERIES
1882952245,MEDIUM,WINE AND SPIRIT
2105804850,SMALL,GROCERIES
2123710144,,HOME SALES
2130550267,MEDIUM,WINE AND SPIRIT
1705687929,MEDIUM,GROCERIES
814661485,SMALL,GROCERIES
1450627836,SMALL,FRESH VEGTABLE MARKET
384082776,,HOME SALES
1246377009,MEDIUM,BAR
155109002,SMALL,CORNER SHOP
1022085349,MEDIUM,HOME SALES
180963689,MEDIUM,GROCERIES
1404967367,MEDIUM,GROCERIES
831010202,SMALL,HOME SALES
673675008,,BAR
1770091164,SMALL,HOME SALES
1485750676,,GROCERIES
2072543140,,CORNER SHOP
1782827392,MEDIUM,GROCERIES
868800516,EXTRA LARGE,FAMILY-RUN SUPERMAKRET
662974898,SMALL,HOME SALES
1612103303,MEDIUM,GROCERIES
1773242895,SMALL,CORNER SHOP
1059575461,MICRO,PHARMACY
1743919852,SMALL,CORNER SHOP
725481355,SMALL,CORNER SHOP
1020805012,SMALL,CORNER SHOP
1714838996,SMALL,WINE AND SPIRIT
1526440206,SMALL,HOME SALES
926118853,MICRO,CORNER SHOP
1494651691,MEDIUM,GROCERIES
1289137487,SMALL,HOME SALES
316904348,,HOME SALES
1075639633,MICRO,HOME SALES
61060653,MEDIUM,GROCERIES
502882325,MICRO,HOME SALES
1033117417,,FAMILY-RUN SUPERMAKRET
2018603682,SMALL,FRESH VEGTABLE MARKET
1006148058,MEDIUM,GROCERIES
1440522743,MEDIUM,GROCERIES
1314872773,MEDIUM,BAR
1357134760,MEDIUM,GROCERIES
1020060741,MICRO,HOME SALES
749462909,SMALL,GROCERIES
933346926,MICRO,HOME SALES
1268824553,MEDIUM,GROCERIES
1267791624,,BUTCHERY
170389799,MEDIUM,GROCERIES
2110890176,MEDIUM,CORNER SHOP
388739693,MICRO,HOME SALES
446687507,,CORNER SHOP
1484318909,MEDIUM,CORNER SHOP
1849486736,MEDIUM,GROCERIES
1977785450,SMALL,HOME SALES
1570938024,MICRO,HOME SALES
368658599,MEDIUM,CORNER SHOP
1627271407,MEDIUM,CORNER SHOP
1464433349,MEDIUM,CORNER SHOP
1728745328,MEDIUM,CORNER SHOP
1602095696,SMALL,WINE AND SPIRIT
319580885,SMALL,HOME SALES
1014483283,MICRO,GROCERIES
515960340,SMALL,CORNER SHOP
1326809794,,HOME SALES
1462721565,,HOME SALES
400727243,MEDIUM,GROCERIES
638755257,SMALL,WINE AND SPIRIT
1825397781,MEDIUM,HOME SALES
593269413,MEDIUM,GROCERIES
29093961,MEDIUM,GROCERIES
86268441,,FAMILY-RUN SUPERMAKRET
1285726641,,WINE AND SPIRIT
78558851,MEDIUM,GROCERIES
1758592323,SMALL,HOME SALES
915989686,MICRO,CORNER SHOP
814919688,SMALL,HOME SALES
1179656114,SMALL,CORNER SHOP
951384629,EXTRA LARGE,GROCERIES
1754787199,SMALL,BAR
319210256,,HOME SALES
2023616724,MEDIUM,FRESH VEGTABLE MARKET
1378951460,MEDIUM,CORNER SHOP
947101547,MEDIUM,CORNER SHOP
1158418587,LARGE,CORNER SHOP
947111398,SMALL,FRESH VEGTABLE MARKET
1016407802,SMALL,GROCERIES
1085339389,MEDIUM,CORNER SHOP
879140333,MICRO,HOME SALES
1019832124,LARGE,WINE AND SPIRIT
250407921,MICRO,HOME SALES
807006338,,HOME SALES
337291592,SMALL,GROCERIES
580951197,LARGE,GROCERIES
108182656,MICRO,HOME SALES
639425697,MEDIUM,FAMILY-RUN SUPERMAKRET
922246902,MEDIUM,CORNER SHOP
1289681340,MEDIUM,CORNER SHOP
2107490857,MICRO,GROCERIES
2119253651,,GROCERIES
1965918762,SMALL,HOME SALES
1205234383,,WINE AND SPIRIT
2024612390,MEDIUM,HOME SALES
698025807,MEDIUM,CORNER SHOP
2008090998,SMALL,WHOLESELLER
962675222,,HOME SALES
904596363,MEDIUM,HOME SALES
550378126,,HOME SALES
918299930,SMALL,GROCERIES
1518036946,SMALL,HOME SALES
674156359,MICRO,HOME SALES
